1645138262,922113992,-4.0421642812440983e-13,-1.4890194632855014e-09,0.0,0.0,0.0,0.00010259449481964111,1.0,0.0,0.0,0.0,0.0,0.0,-6.50232468615286e-05
1645138262,955113992,-2.531068639655132e-05,-6.4350773598675914e-09,0.0,0.0,0.0,9.281933307647705e-05,1.0,-0.0007669904734939337,0.0,0.0,0.0,0.0,-0.0005924340221099555
1645138262,988113992,-4.131692546687632e-13,-1.3211837179838426e-09,0.0,0.0,0.0,0.00010922551155090332,1.0,0.0007669904734939337,0.0,0.0,0.0,0.0,0.0009943138575181365
1645138263,21113992,0.0011642915196716785,3.2692750551177596e-07,0.0,0.0,0.0,0.00017270445823669434,1.0,0.03528156131505966,0.0,0.0,0.0,0.0,0.0038472088053822517
1645138263,54113992,0.0036700484342873096,2.6614550279191462e-06,0.0,0.0,0.0,0.0007589607848785818,0.9999997019767761,0.07593206316232681,0.0,0.0,0.0,0.0,0.0355306901037693
1645138263,87113992,0.006884502246975899,7.272129096236313e-06,0.0,0.0,0.0,0.0006753950729034841,0.9999997615814209,0.09740779548883438,0.0,0.0,0.0,0.0,-0.005064588505774736
1645138263,122113992,0.010276132263243198,1.1234305020479951e-05,0.0,0.0,0.0,0.0004928261041641235,0.9999998807907104,0.09690377116203308,0.0,0.0,0.0,0.0,-0.010432516224682331
1645138263,155113992,0.0135412085801363,1.5047373381094076e-05,0.0,0.0,0.0,0.0006750076427124441,0.9999997615814209,0.09894177317619324,0.0,0.0,0.0,0.0,0.011041308753192425
1645138263,188113992,0.016856905072927475,1.9834145859931596e-05,0.0,0.0,0.0,0.0007686614408157766,0.9999997019767761,0.10047575831413269,0.0,0.0,0.0,0.0,0.005675987806171179
1645138263,221113992,0.0202232226729393,2.4995020794449374e-05,0.0,0.0,0.0,0.0007644295110367239,0.9999997019767761,0.10200973600149155,0.0,0.0,0.0,0.0,-0.0002564805909059942
1645138263,255113992,0.023640161380171776,2.9729177185799927e-05,0.0,0.0,0.0,0.0006210654391907156,0.9999998211860657,0.10049831122159958,0.0,0.0,0.0,0.0,-0.00843318086117506
1645138263,288113992,0.02695585787296295,3.390136771486141e-05,0.0,0.0,0.0,0.0006372481002472341,0.9999998211860657,0.10047575831413269,0.0,0.0,0.0,0.0,0.000980767305009067
1645138263,321113992,0.030246244743466377,3.8334077544277534e-05,0.0,0.0,0.0,0.0007099210633896291,0.9999997615814209,0.09970876574516296,0.0,0.0,0.0,0.0,0.004404421895742416
1645138263,354113992,0.0335366316139698,4.259238630766049e-05,0.0,0.0,0.0,0.000584244669880718,0.9999998211860657,0.09970876574516296,0.0,0.0,0.0,0.0,-0.00761675089597702
1645138263,387113992,0.03687763959169388,4.546492709778249e-05,0.0,0.0,0.0,0.000275537371635437,0.9999999403953552,0.10124274343252182,0.0,0.0,0.0,0.0,-0.018709536641836166
1645138263,420113992,0.0401933379471302,4.735348920803517e-05,0.0,0.0,0.0,0.0002940446138381958,0.9999999403953552,0.10047575831413269,0.0,0.0,0.0,0.0,0.0011216510320082307
1645138263,453113992,0.04350903630256653,4.913182419841178e-05,0.0,0.0,0.0,0.0002422928810119629,1.0,0.10047575831413269,0.0,0.0,0.0,0.0,-0.0031364685855805874
1645138263,486113992,0.04682473465800285,5.040175165049732e-05,0.0,0.0,0.0,0.00014071166515350342,1.0,0.10047575831413269,0.0,0.0,0.0,0.0,-0.00615643709897995
1645138263,519113992,0.05011512339115143,5.066239828011021e-05,0.0,0.0,0.0,-6.149709224700928e-05,1.0,0.09970876574516296,0.0,0.0,0.0,0.0,-0.012255076318979263
1645138263,552113992,0.05338020250201225,5.0166472647106275e-05,0.0,0.0,0.0,-9.039044380187988e-05,1.0,0.09894177317619324,0.0,0.0,0.0,0.0,-0.001751112169586122
1645138263,585113992,0.05667059123516083,4.943233579979278e-05,0.0,0.0,0.0,-0.00013272464275360107,1.0,0.09970876574516296,0.0,0.0,0.0,0.0,-0.0025657089427113533
1645138263,618113992,0.0600622221827507,4.821878610528074e-05,0.0,0.0,0.0,-0.00022508203983306885,1.0,0.10277672857046127,0.0,0.0,0.0,0.0,-0.005597418174147606
1645138263,651113992,0.06330198794603348,4.5871642214478925e-05,0.0,0.0,0.0,-0.0004993975162506104,0.9999998807907104,0.09817478060722351,0.0,0.0,0.0,0.0,-0.01662518084049225
1645138263,684113992,0.06659237295389175,4.2659452446969226e-05,0.0,0.0,0.0,-0.00047683712909929454,0.9999998807907104,0.09970876574516296,0.0,0.0,0.0,0.0,0.0013672944623976946
1645138263,717113992,0.06985744833946228,3.930168168153614e-05,0.0,0.0,0.0,-0.0005515515804290771,0.9999998211860657,0.09894177317619324,0.0,0.0,0.0,0.0,-0.004528146702796221
1645138263,750113992,0.07324907928705215,3.531858237693086e-05,0.0,0.0,0.0,-0.0006228386773727834,0.9999998211860657,0.10277672857046127,0.0,0.0,0.0,0.0,-0.004320433828979731
1645138263,783113992,0.07646353542804718,3.115164508926682e-05,0.0,0.0,0.0,-0.0006734728231094778,0.9999997615814209,0.09740779548883438,0.0,0.0,0.0,0.0,-0.003068736055865884
1645138263,816113992,0.07970330119132996,2.686268271645531e-05,0.0,0.0,0.0,-0.0006503760232590139,0.9999997615814209,0.09817478060722351,0.0,0.0,0.0,0.0,0.0013998060021549463
1645138263,849113992,0.08299368619918823,2.3065213099471293e-05,0.0,0.0,0.0,-0.00050373375415802,0.9999998807907104,0.09970876574516296,0.0,0.0,0.0,0.0,0.008887413889169693
1645138263,860655937,0.08630938082933426,1.969718505279161e-05,0.0,0.0,0.0,-0.000512048602104187,0.9999998807907104,0.10047575831413269,0.0,0.0,0.0,0.0,-0.000503930205013603
1645138263,893655937,0.08954914659261703,1.649395562708378e-05,0.0,0.0,0.0,-0.0004766732163261622,0.9999998807907104,0.09817478060722351,0.0,0.0,0.0,0.0,0.0021439609117805958
1645138263,927655937,0.09286484867334366,1.3853555174137e-05,0.0,0.0,0.0,-0.0003196597099304199,0.9999999403953552,0.09752058982849121,0.0,0.0,0.0,0.0,0.009236089885234833
1645138263,960655937,0.09607930481433868,1.2011258149868809e-05,0.0,0.0,0.0,-0.00025346875190734863,0.9999999403953552,0.09740779548883438,0.0,0.0,0.0,0.0,0.0040115732699632645
1645138263,992655937,0.09939500689506531,1.0351700439059641e-05,0.0,0.0,0.0,-0.0002470463514328003,0.9999999403953552,0.10361561924219131,0.0,0.0,0.0,0.0,0.00040140002965927124
1645138264,25655937,0.10263477265834808,9.024874998431187e-06,0.0,0.0,0.0,-0.0001624971628189087,1.0,0.09817478060722351,0.0,0.0,0.0,0.0,0.005124193150550127
1645138264,58655937,0.10595047473907471,8.257424269686453e-06,0.0,0.0,0.0,-6.896257400512695e-05,1.0,0.10047575831413269,0.0,0.0,0.0,0.0,0.005668763071298599
1645138264,91655937,0.10919024050235748,8.240141141868662e-06,0.0,0.0,0.0,6.362795829772949e-05,1.0,0.09817478060722351,0.0,0.0,0.0,0.0,0.008035790175199509
1645138264,124655937,0.11248063296079636,8.666658686706796e-06,0.0,0.0,0.0,6.599724292755127e-05,1.0,0.09970876574516296,0.0,0.0,0.0,0.0,0.00014359300257638097
1645138264,158655937,0.11574570834636688,9.262565981771331e-06,0.0,0.0,0.0,0.00011651217937469482,1.0,0.09603172540664673,0.0,0.0,0.0,0.0,0.002971466863527894
1645138264,191655937,0.119112029671669,1.0710394235502463e-05,0.0,0.0,0.0,0.0003135800361633301,0.9999999403953552,0.10200973600149155,0.0,0.0,0.0,0.0,0.011943506076931953
1645138264,224655937,0.12227586656808853,1.2867835721408483e-05,0.0,0.0,0.0,0.00036832690238952637,0.9999999403953552,0.09587381035089493,0.0,0.0,0.0,0.0,0.0033179919701069593
1645138264,257655937,0.12559156119823456,1.5550233001704328e-05,0.0,0.0,0.0,0.00044067203998565674,0.9999998807907104,0.10047575831413269,0.0,0.0,0.0,0.0,0.004384553991258144
1645138264,290655937,0.12883132696151733,1.8548094885773025e-05,0.0,0.0,0.0,0.00048466023872606456,0.9999998807907104,0.09817478060722351,0.0,0.0,0.0,0.0,0.0026659532450139523
1645138264,323655937,0.13219764828681946,2.230202517239377e-05,0.0,0.0,0.0,0.0006304829730652273,0.9999998211860657,0.10200973600149155,0.0,0.0,0.0,0.0,0.008837743662297726
1645138264,356655937,0.13538679480552673,2.668359775270801e-05,0.0,0.0,0.0,0.0007434188737533987,0.9999997019767761,0.09664080291986465,0.0,0.0,0.0,0.0,0.006844600196927786
1645138264,389655937,0.13870249688625336,3.1201889214571565e-05,0.0,0.0,0.0,0.0006192772998474538,0.9999998211860657,0.10047575831413269,0.0,0.0,0.0,0.0,-0.007523731794208288
1645138264,422655937,0.14196757972240448,3.545673098415136e-05,0.0,0.0,0.0,0.0006838589324615896,0.9999997615814209,0.09894177317619324,0.0,0.0,0.0,0.0,0.003914038185030222
1645138264,455655937,0.1452832818031311,4.0539900510339066e-05,0.0,0.0,0.0,0.0008492021588608623,0.9999996423721313,0.10047575831413269,0.0,0.0,0.0,0.0,0.010020805522799492
1645138264,488655937,0.14847242832183838,4.615471698343754e-05,0.0,0.0,0.0,0.0009113996056839824,0.9999995827674866,0.09664080291986465,0.0,0.0,0.0,0.0,0.003769542323425412
1645138264,521655937,0.15176281332969666,5.173998943064362e-05,0.0,0.0,0.0,0.0007860510959289968,0.9999997019767761,0.09970876574516296,0.0,0.0,0.0,0.0,-0.007596882991492748
1645138264,554655937,0.15505319833755493,5.716468513128348e-05,0.0,0.0,0.0,0.0008625983027741313,0.9999996423721313,0.09970876574516296,0.0,0.0,0.0,0.0,0.004639228340238333
1645138264,587655937,0.1583435833454132,6.349080649670213e-05,0.0,0.0,0.0,0.0010600087698549032,0.999999463558197,0.09970876574516296,0.0,0.0,0.0,0.0,0.011964277364313602
1645138264,620655937,0.16158334910869598,7.03535188222304e-05,0.0,0.0,0.0,0.001058265333995223,0.999999463558197,0.09817478060722351,0.0,0.0,0.0,0.0,-0.00010566278069745749
1645138264,653655937,0.16487373411655426,7.698201079620048e-05,0.0,0.0,0.0,0.0009562371415086091,0.9999995231628418,0.09970876574516296,0.0,0.0,0.0,0.0,-0.006183530203998089
1645138264,686655937,0.16811349987983704,8.344162051798776e-05,0.0,0.0,0.0,0.0010376123245805502,0.999999463558197,0.09817478060722351,0.0,0.0,0.0,0.0,0.004931832663714886
1645138264,719655937,0.1714545041322708,9.116589353652671e-05,0.0,0.0,0.0,0.001274346956051886,0.9999991655349731,0.10124274343252182,0.0,0.0,0.0,0.0,0.014347560703754425
1645138264,752655937,0.17471957206726074,9.958507143892348e-05,0.0,0.0,0.0,0.0013042088830843568,0.9999991655349731,0.09894177317619324,0.0,0.0,0.0,0.0,0.0018098137807101011
1645138264,785655937,0.17795932292938232,0.00010784190089907497,0.0,0.0,0.0,0.0012443807208910584,0.9999992251396179,0.09817478060722351,0.0,0.0,0.0,0.0,-0.0036259491462260485
1645138264,818655937,0.1811990737915039,0.00011619403085205704,0.0,0.0,0.0,0.001333623775281012,0.9999991059303284,0.09817478060722351,0.0,0.0,0.0,0.0,0.005408669821918011
1645138264,851655937,0.18459069728851318,0.00012607479584403336,0.0,0.0,0.0,0.0015796564985066652,0.9999987483024597,0.10277672857046127,0.0,0.0,0.0,0.0,0.01491109561175108
1645138264,884655937,0.18777982890605927,0.00013651336485054344,0.0,0.0,0.0,0.0016935012536123395,0.9999985694885254,0.09664080291986465,0.0,0.0,0.0,0.0,0.006899689324200153
1645138264,917655937,0.1911461353302002,0.00014840788207948208,0.0,0.0,0.0,0.0018398900283500552,0.9999983310699463,0.10200973600149155,0.0,0.0,0.0,0.0,0.008872061036527157
1645138264,950655937,0.19441118836402893,0.00016108348791021854,0.0,0.0,0.0,0.0020422921516001225,0.9999979138374329,0.09894177317619324,0.0,0.0,0.0,0.0,0.012266816571354866
1645138264,983655937,0.19775216281414032,0.00017585787281859666,0.0,0.0,0.0,0.002379847224801779,0.9999971389770508,0.10124274343252182,0.0,0.0,0.0,0.0,0.02045794017612934
1645138265,16655937,0.2009918987751007,0.00019126548431813717,0.0,0.0,0.0,0.0023759431205689907,0.9999971985816956,0.09817478060722351,0.0,0.0,0.0,0.0,-0.00023661238083150238
1645138265,49655937,0.20435817539691925,0.00020744932407978922,0.0,0.0,0.0,0.0024316436611115932,0.9999970197677612,0.10200973600149155,0.0,0.0,0.0,0.0,0.0033757903147488832
1645138265,82655937,0.20764853060245514,0.00022342750162351876,0.0,0.0,0.0,0.0024243867956101894,0.999997079372406,0.09970876574516296,0.0,0.0,0.0,0.0,-0.0004398100427351892
1645138265,115655937,0.21101480722427368,0.0002405278937658295,0.0,0.0,0.0,0.002655473304912448,0.9999964833259583,0.10200973600149155,0.0,0.0,0.0,0.0,0.014005285687744617
1645138265,148655937,0.21433046460151672,0.00025815749540925026,0.0,0.0,0.0,0.0026615529786795378,0.9999964833259583,0.10047575831413269,0.0,0.0,0.0,0.0,0.00036846508737653494
1645138265,181655937,0.21762080490589142,0.00027525523910298944,0.0,0.0,0.0,0.002534729428589344,0.9999967813491821,0.09970876574516296,0.0,0.0,0.0,0.0,-0.007686289958655834
1645138265,214655937,0.2209111452102661,0.00029196974355727434,0.0,0.0,0.0,0.002545085735619068,0.9999967813491821,0.09970876574516296,0.0,0.0,0.0,0.0,0.0006276549538597465
1645138265,247655937,0.2242521047592163,0.00030949237407185137,0.0,0.0,0.0,0.0026996401138603687,0.9999963641166687,0.10124274343252182,0.0,0.0,0.0,0.0,0.009366960264742374
1645138265,282655937,0.22777023911476135,0.0003284701961092651,0.0,0.0,0.0,0.0026945886202156544,0.9999963641166687,0.1005195826292038,0.0,0.0,0.0,0.0,-0.000288656767224893
1645138265,315655937,0.2310352772474289,0.0003455844125710428,0.0,0.0,0.0,0.0025470228865742683,0.9999967813491821,0.09894177317619324,0.0,0.0,0.0,0.0,-0.00894340593367815
1645138265,348655937,0.23437625169754028,0.00036244853981770575,0.0,0.0,0.0,0.0025006060022860765,0.9999969005584717,0.10124274343252182,0.0,0.0,0.0,0.0,-0.002813158556818962
1645138265,381655937,0.23769190907478333,0.00037920413888059556,0.0,0.0,0.0,0.002552819438278675,0.9999967217445374,0.10047575831413269,0.0,0.0,0.0,0.0,0.0031644648406654596
1645138265,414655937,0.24103288352489471,0.0003959260357078165,0.0,0.0,0.0,0.002452236833050847,0.9999970197677612,0.10124274343252182,0.0,0.0,0.0,0.0,-0.00609592953696847
1645138265,447655937,0.2443232387304306,0.0004114038310945034,0.0,0.0,0.0,0.00225171260535717,0.9999974370002747,0.09970876574516296,0.0,0.0,0.0,0.0,-0.012153025716543198
1645138265,480655937,0.24763891100883484,0.00042621485772542655,0.0,0.0,0.0,0.002215234562754631,0.9999975562095642,0.10047575831413269,0.0,0.0,0.0,0.0,-0.0022107905242592096
1645138265,513655937,0.2509292662143707,0.00044075818732380867,0.0,0.0,0.0,0.0022047143429517746,0.9999975562095642,0.09970876574516296,0.0,0.0,0.0,0.0,-0.0006375890807248652
1645138265,545655937,0.25424492359161377,0.00045493862126022577,0.0,0.0,0.0,0.0020720497705042362,0.9999978542327881,0.10361561924219131,0.0,0.0,0.0,0.0,-0.008291564881801605
1645138265,578655937,0.2575099766254425,0.0004681098216678947,0.0,0.0,0.0,0.001961915520951152,0.9999980926513672,0.09894177317619324,0.0,0.0,0.0,0.0,-0.00667481729760766
1645138265,611655937,0.2608003318309784,0.0004809471720363945,0.0,0.0,0.0,0.0019395637791603804,0.9999980926513672,0.09970876574516296,0.0,0.0,0.0,0.0,-0.0013546510599553585
1645138265,644655937,0.2640906870365143,0.0004936642362736166,0.0,0.0,0.0,0.0019253480713814497,0.999998152256012,0.09970876574516296,0.0,0.0,0.0,0.0,-0.0008615580736659467
1645138265,678655937,0.267558217048645,0.0005063865683041513,0.0,0.0,0.0,0.0017436137422919273,0.9999984502792358,0.10198717564344406,0.0,0.0,0.0,0.0,-0.010690268129110336
1645138265,711655937,0.27077266573905945,0.0005167709314264357,0.0,0.0,0.0,0.0014869117876514792,0.9999988675117493,0.09740779548883438,0.0,0.0,0.0,0.0,-0.01555771566927433
1645138265,744655937,0.2740630507469177,0.0005264320643618703,0.0,0.0,0.0,0.001449256669729948,0.999998927116394,0.09970876574516296,0.0,0.0,0.0,0.0,-0.002282135421410203
1645138265,777655937,0.27732810378074646,0.0005358405760489404,0.0,0.0,0.0,0.0014322991482913494,0.9999989867210388,0.09894177317619324,0.0,0.0,0.0,0.0,-0.0010277285473421216
1645138265,810655937,0.28071972727775574,0.0005449900636449456,0.0,0.0,0.0,0.001265361555851996,0.9999992251396179,0.10277672857046127,0.0,0.0,0.0,0.0,-0.01011743675917387
1645138265,843655937,0.28393417596817017,0.0005530535709112883,0.0,0.0,0.0,0.001243158825673163,0.9999992251396179,0.09740779548883438,0.0,0.0,0.0,0.0,-0.0013456200249493122
1645138265,876655937,0.2872498631477356,0.0005612669629044831,0.0,0.0,0.0,0.001233964809216559,0.9999992251396179,0.10047575831413269,0.0,0.0,0.0,0.0,-0.0005572130903601646
1645138265,909655937,0.2904896140098572,0.000569662603083998,0.0,0.0,0.0,0.0013574655167758465,0.9999991059303284,0.09817478060722351,0.0,0.0,0.0,0.0,0.007484898436814547
1645138265,942655937,0.29377999901771545,0.0005785954417660832,0.0,0.0,0.0,0.0013573612086474895,0.9999991059303284,0.09970876574516296,0.0,0.0,0.0,0.0,-6.321704859146848e-06
1645138265,975655937,0.29701974987983704,0.0005873873014934361,0.0,0.0,0.0,0.0013563777320086956,0.9999991059303284,0.09817478060722351,0.0,0.0,0.0,0.0,-5.9604644775390625e-05
1645138266,11655937,0.30058854818344116,0.0005978138069622219,0.0,0.0,0.0,0.001565187587402761,0.9999987483024597,0.09913352131843567,0.0,0.0,0.0,0.0,0.0116005539894104
1645138266,44655937,0.3038029968738556,0.0006079336744733155,0.0,0.0,0.0,0.0015830539632588625,0.9999987483024597,0.09740779548883438,0.0,0.0,0.0,0.0,0.001082817674614489
1645138266,77655937,0.3071439862251282,0.0006185631500557065,0.0,0.0,0.0,0.001598461763933301,0.9999987483024597,0.10124274343252182,0.0,0.0,0.0,0.0,0.0009338061208836734
1645138266,110655937,0.3104090392589569,0.0006291538011282682,0.0,0.0,0.0,0.0016451620031148195,0.9999986290931702,0.09894177317619324,0.0,0.0,0.0,0.0,0.0028303174767643213
1645138266,143655937,0.31372472643852234,0.0006408159388229251,0.0,0.0,0.0,0.00187209143768996,0.9999982714653015,0.10047575831413269,0.0,0.0,0.0,0.0,0.013753320090472698
1645138266,179655937,0.3172175884246826,0.0006545025389641523,0.0,0.0,0.0,0.002046345267444849,0.9999979138374329,0.09702429920434952,0.0,0.0,0.0,0.0,0.009680788032710552
1645138266,213655937,0.32058387994766235,0.0006682661478407681,0.0,0.0,0.0,0.0020422772504389286,0.9999979138374329,0.0990094467997551,0.0,0.0,0.0,0.0,-0.00023929511371534318
1645138266,246655937,0.32382363080978394,0.0006815626984462142,0.0,0.0,0.0,0.002061902079731226,0.9999978542327881,0.09817478060722351,0.0,0.0,0.0,0.0,0.0011893835617229342
1645138266,279655937,0.327240526676178,0.0006965161883272231,0.0,0.0,0.0,0.0023143866565078497,0.9999973177909851,0.103543721139431,0.0,0.0,0.0,0.0,0.015302137471735477
1645138266,312655937,0.3304043412208557,0.000711162923835218,0.0,0.0,0.0,0.002315042307600379,0.9999973177909851,0.09587381035089493,0.0,0.0,0.0,0.0,3.973643106292002e-05
1645138266,345655937,0.3336440622806549,0.0007261181599460542,0.0,0.0,0.0,0.0023011097218841314,0.9999973773956299,0.09817478060722351,0.0,0.0,0.0,0.0,-0.0008443991537205875
1645138266,401725008,0.3370356559753418,0.0007416584412567317,0.0,0.0,0.0,0.0022808443754911423,0.9999973773956299,0.09975387901067734,0.0,0.0,0.0,0.0,-0.0011920928955078125
1645138266,434725008,0.34040194749832153,0.0007580395322293043,0.0,0.0,0.0,0.0025853337720036507,0.9999966621398926,0.10200973600149155,0.0,0.0,0.0,0.0,0.01845395937561989
1645138266,467725008,0.3435910642147064,0.0007743161986581981,0.0,0.0,0.0,0.002518457593396306,0.9999968409538269,0.09664080291986465,0.0,0.0,0.0,0.0,-0.0040531158447265625
1645138266,500725008,0.3468814194202423,0.0007905564270913601,0.0,0.0,0.0,0.0024172193370759487,0.999997079372406,0.09970876574516296,0.0,0.0,0.0,0.0,-0.006135665811598301
1645138266,533725008,0.3501717746257782,0.00080650276504457,0.0,0.0,0.0,0.002429140266031027,0.999997079372406,0.09970876574516296,0.0,0.0,0.0,0.0,0.000722480530384928
1645138266,566725008,0.35348743200302124,0.0008236920111812651,0.0,0.0,0.0,0.0027550722006708384,0.9999961853027344,0.10047575831413269,0.0,0.0,0.0,0.0,0.01975352130830288
1645138266,600725008,0.3568030893802643,0.0008426959393545985,0.0,0.0,0.0,0.0029764429200440645,0.9999955892562866,0.09752058982849121,0.0,0.0,0.0,0.0,0.013021862134337425
1645138266,636725008,0.3603465259075165,0.0008636169950477779,0.0,0.0,0.0,0.002927656751126051,0.9999957084655762,0.09843044728040695,0.0,0.0,0.0,0.0,-0.0027103556785732508
1645138266,669725008,0.3636115491390228,0.0008827358833514154,0.0,0.0,0.0,0.002927939873188734,0.9999957084655762,0.09894177317619324,0.0,0.0,0.0,0.0,1.7158912669401616e-05
1645138266,702725008,0.3668765723705292,0.0009028331260196865,0.0,0.0,0.0,0.0032273028045892715,0.9999948143959045,0.09894177317619324,0.0,0.0,0.0,0.0,0.018143292516469955
1645138266,735725008,0.37009096145629883,0.0009236523183062673,0.0,0.0,0.0,0.003249475499615073,0.999994695186615,0.09740779548883438,0.0,0.0,0.0,0.0,0.0013438138412311673
1645138266,768725008,0.3734065890312195,0.0009451684891246259,0.0,0.0,0.0,0.0032397452741861343,0.9999947547912598,0.10047575831413269,0.0,0.0,0.0,0.0,-0.0005897247465327382
1645138266,801725008,0.37672221660614014,0.0009668305865488946,0.0,0.0,0.0,0.0032934783957898617,0.9999945759773254,0.10047575831413269,0.0,0.0,0.0,0.0,0.003256581025198102
1645138266,834725008,0.38001251220703125,0.0009896591072902083,0.0,0.0,0.0,0.003644517855718732,0.9999933838844299,0.09970876574516296,0.0,0.0,0.0,0.0,0.021275246515870094
1645138266,868725008,0.3833787441253662,0.0010142243700101972,0.0,0.0,0.0,0.0036528774071484804,0.9999933242797852,0.0990094467997551,0.0,0.0,0.0,0.0,0.0004917383193969727
1645138266,901725008,0.38664373755455017,0.0010377952130511403,0.0,0.0,0.0,0.003566257655620575,0.999993622303009,0.09894177317619324,0.0,0.0,0.0,0.0,-0.005249724257737398
1645138266,934725008,0.389984667301178,0.0010616201907396317,0.0,0.0,0.0,0.003564871847629547,0.999993622303009,0.10124274343252182,0.0,0.0,0.0,0.0,-8.398836507694796e-05
1645138266,967725008,0.39324966073036194,0.0010861577466130257,0.0,0.0,0.0,0.003950317390263081,0.9999921917915344,0.09894177317619324,0.0,0.0,0.0,0.0,0.02336050570011139
1645138267,725008,0.3965146243572235,0.001112257014028728,0.0,0.0,0.0,0.004043195396661758,0.9999918341636658,0.09894177317619324,0.0,0.0,0.0,0.0,0.005629026331007481
1645138267,33725008,0.3998049199581146,0.001138927647843957,0.0,0.0,0.0,0.004062492400407791,0.999991774559021,0.09970876574516296,0.0,0.0,0.0,0.0,0.0011695154244080186
1645138267,66725008,0.40314581990242004,0.001166737754829228,0.0,0.0,0.0,0.004261435940861702,0.9999909400939941,0.10124274343252182,0.0,0.0,0.0,0.0,0.012057296931743622
1645138267,99725008,0.4064613878726959,0.0011960469419136643,0.0,0.0,0.0,0.004578172229230404,0.9999895095825195,0.10047575831413269,0.0,0.0,0.0,0.0,0.01919630728662014
1645138267,132725008,0.4097769558429718,0.0012265590485185385,0.0,0.0,0.0,0.0046242312528193,0.9999893307685852,0.10047575831413269,0.0,0.0,0.0,0.0,0.0027914841193705797
1645138267,166725008,0.413143128156662,0.0012576921144500375,0.0,0.0,0.0,0.004624261055141687,0.9999893307685852,0.0990094467997551,0.0,0.0,0.0,0.0,1.7530777540741838e-06
1645138267,199725008,0.416483998298645,0.0012890930520370603,0.0,0.0,0.0,0.00477449269965291,0.9999886155128479,0.10124274343252182,0.0,0.0,0.0,0.0,0.009105061180889606
1645138267,232725008,0.4197489321231842,0.0013208513846620917,0.0,0.0,0.0,0.004952291492372751,0.9999877214431763,0.09894177317619324,0.0,0.0,0.0,0.0,0.010775797069072723
1645138267,265725008,0.4231151044368744,0.0013540420914068818,0.0,0.0,0.0,0.004907469265162945,0.9999879598617554,0.10200973600149155,0.0,0.0,0.0,0.0,-0.0027165268547832966
1645138267,298725008,0.4263800382614136,0.0013858366291970015,0.0,0.0,0.0,0.004830401390790939,0.999988317489624,0.09894177317619324,0.0,0.0,0.0,0.0,-0.0046708364970982075
1645138267,331725008,0.42969557642936707,0.0014184043975546956,0.0,0.0,0.0,0.004992002155631781,0.9999875426292419,0.10047575831413269,0.0,0.0,0.0,0.0,0.009794127196073532
1645138267,364725008,0.4330364167690277,0.0014516784576699138,0.0,0.0,0.0,0.004967415705323219,0.9999876618385315,0.10124274343252182,0.0,0.0,0.0,0.0,-0.0014901161193847656
1645138267,397725008,0.4364531934261322,0.0014851419255137444,0.0,0.0,0.0,0.004826094955205917,0.9999883770942688,0.103543721139431,0.0,0.0,0.0,0.0,-0.008565006777644157
1645138267,432725008,0.43984466791152954,0.0015176009619608521,0.0,0.0,0.0,0.00474433321505785,0.9999887347221375,0.09690377116203308,0.0,0.0,0.0,0.0,-0.004672152455896139
1645138267,465725008,0.4432108402252197,0.0015495957341045141,0.0,0.0,0.0,0.004760142881423235,0.9999886751174927,0.10200973600149155,0.0,0.0,0.0,0.0,0.0009581898339092731
1645138267,498725008,0.4464757740497589,0.001580397947691381,0.0,0.0,0.0,0.004673791583627462,0.9999890923500061,0.09894177317619324,0.0,0.0,0.0,0.0,-0.005233468487858772
1645138267,531725008,0.44986727833747864,0.0016110840952023864,0.0,0.0,0.0,0.0043739089742302895,0.9999904632568359,0.10277672857046127,0.0,0.0,0.0,0.0,-0.018174901604652405
1645138267,564725008,0.45310690999031067,0.0016395192360505462,0.0,0.0,0.0,0.00440309988334775,0.9999902844429016,0.09817478060722351,0.0,0.0,0.0,0.0,0.0017691742395982146
1645138267,597725008,0.4563971757888794,0.0016687334282323718,0.0,0.0,0.0,0.004475623369216919,0.9999899864196777,0.09970876574516296,0.0,0.0,0.0,0.0,0.00439539086073637
1645138267,631725008,0.45986461639404297,0.0016992222517728806,0.0,0.0,0.0,0.00431703170761466,0.999990701675415,0.10198717564344406,0.0,0.0,0.0,0.0,-0.009329003281891346
1645138267,664725008,0.46323081851005554,0.0017275590216740966,0.0,0.0,0.0,0.004100758116692305,0.9999915957450867,0.10200973600149155,0.0,0.0,0.0,0.0,-0.013107603415846825
1645138267,697725008,0.4664451777935028,0.0017540898406878114,0.0,0.0,0.0,0.004152911715209484,0.9999913573265076,0.09740779548883438,0.0,0.0,0.0,0.0,0.00316085247322917
1645138267,730725008,0.4697607755661011,0.001781694358214736,0.0,0.0,0.0,0.004172551445662975,0.9999912977218628,0.10047575831413269,0.0,0.0,0.0,0.0,0.0011902867117896676
1645138267,763725008,0.47307637333869934,0.0018089887453243136,0.0,0.0,0.0,0.004059378057718277,0.999991774559021,0.10047575831413269,0.0,0.0,0.0,0.0,-0.006859049666672945
1645138267,796725008,0.47641727328300476,0.0018352061742916703,0.0,0.0,0.0,0.003787851193919778,0.999992847442627,0.10124274343252182,0.0,0.0,0.0,0.0,-0.016456300392746925
1645138267,830725008,0.4796822667121887,0.0018593809800222516,0.0,0.0,0.0,0.0036162356846034527,0.9999934434890747,0.09603172540664673,0.0,0.0,0.0,0.0,-0.010095098055899143
1645138267,863725008,0.4829472601413727,0.0018830163171514869,0.0,0.0,0.0,0.0036226282827556133,0.9999934434890747,0.09894177317619324,0.0,0.0,0.0,0.0,0.00038743019104003906
1645138267,896725008,0.48626288771629333,0.0019062815699726343,0.0,0.0,0.0,0.0033941203728318214,0.9999942183494568,0.10047575831413269,0.0,0.0,0.0,0.0,-0.013849048875272274
1645138267,929725008,0.48965445160865784,0.001928634592331946,0.0,0.0,0.0,0.0031965470407158136,0.9999948740005493,0.10277672857046127,0.0,0.0,0.0,0.0,-0.011974211782217026
1645138267,963725008,0.49294477701187134,0.001949332538060844,0.0,0.0,0.0,0.003093923209235072,0.999995231628418,0.09677615761756897,0.0,0.0,0.0,0.0,-0.006036723498255014
1645138267,996725008,0.49623510241508484,0.001970120705664158,0.0,0.0,0.0,0.003223935142159462,0.9999948143959045,0.09970876574516296,0.0,0.0,0.0,0.0,0.007879553362727165
1645138268,29725008,0.4995507299900055,0.0019914526492357254,0.0,0.0,0.0,0.0032097194343805313,0.9999948740005493,0.10047575831413269,0.0,0.0,0.0,0.0,-0.0008615580736659467
1645138268,62725008,0.5027651190757751,0.002011744072660804,0.0,0.0,0.0,0.0031028788071125746,0.9999951720237732,0.09740779548883438,0.0,0.0,0.0,0.0,-0.006475232075899839
1645138268,95725008,0.5060554146766663,0.0020325719378888607,0.0,0.0,0.0,0.0032270941883325577,0.9999948143959045,0.09970876574516296,0.0,0.0,0.0,0.0,0.007528247311711311
1645138268,128725008,0.5093457102775574,0.002054391661658883,0.0,0.0,0.0,0.0034042829647660255,0.9999942183494568,0.09970876574516296,0.0,0.0,0.0,0.0,0.010738770477473736
1645138268,163725008,0.5128132104873657,0.002078132936730981,0.0,0.0,0.0,0.0034424446057528257,0.9999940991401672,0.09907326102256775,0.0,0.0,0.0,0.0,0.0021806785371154547
1645138268,196725008,0.5160529017448425,0.0021003952715545893,0.0,0.0,0.0,0.003429197473451495,0.9999940991401672,0.09817478060722351,0.0,0.0,0.0,0.0,-0.0008028565207496285
1645138268,229725008,0.5193179249763489,0.0021231502760201693,0.0,0.0,0.0,0.0035400763154029846,0.9999937415122986,0.09894177317619324,0.0,0.0,0.0,0.0,0.0067199720069766045
1645138268,262725008,0.52260822057724,0.0021471595391631126,0.0,0.0,0.0,0.0037567527033388615,0.9999929666519165,0.09970876574516296,0.0,0.0,0.0,0.0,0.013131987303495407
1645138268,295725008,0.5258985161781311,0.002171986736357212,0.0,0.0,0.0,0.003788700560107827,0.999992847442627,0.09970876574516296,0.0,0.0,0.0,0.0,0.001936247805133462
1645138268,328725008,0.5291634798049927,0.0021967801731079817,0.0,0.0,0.0,0.0038048832211643457,0.9999927878379822,0.09894177317619324,0.0,0.0,0.0,0.0,0.000980767305009067
1645138268,361725008,0.5324537754058838,0.0022222441621124744,0.0,0.0,0.0,0.003934104926884174,0.9999922513961792,0.09970876574516296,0.0,0.0,0.0,0.0,0.007831688970327377
1645138268,394725008,0.5356934666633606,0.002248285571113229,0.0,0.0,0.0,0.004104021470993757,0.9999915957450867,0.09817478060722351,0.0,0.0,0.0,0.0,0.010298057459294796
1645138268,427725008,0.5390090346336365,0.0022754070814698935,0.0,0.0,0.0,0.004075799137353897,0.9999917149543762,0.10047575831413269,0.0,0.0,0.0,0.0,-0.0017104726284742355
1645138268,461725008,0.5424258708953857,0.0023032655008137226,0.0,0.0,0.0,0.004077289253473282,0.9999917149543762,0.10049831122159958,0.0,0.0,0.0,0.0,8.765389065956697e-05
1645138268,494725008,0.5456655025482178,0.002329988870769739,0.0,0.0,0.0,0.00417132955044508,0.9999912977218628,0.09817478060722351,0.0,0.0,0.0,0.0,0.005699468310922384
1645138268,527725008,0.5489557981491089,0.002357849385589361,0.0,0.0,0.0,0.004296021535992622,0.9999907612800598,0.09970876574516296,0.0,0.0,0.0,0.0,0.00755714625120163
1645138268,560725008,0.55224609375,0.0023859988432377577,0.0,0.0,0.0,0.004259141162037849,0.9999909400939941,0.09970876574516296,0.0,0.0,0.0,0.0,-0.0022351741790771484
1645138268,593725008,0.5554604530334473,0.0024131580721586943,0.0,0.0,0.0,0.0041900454089045525,0.999991238117218,0.09740779548883438,0.0,0.0,0.0,0.0,-0.00418767798691988
1645138268,627725008,0.5587760210037231,0.002441707532852888,0.0,0.0,0.0,0.0044204299338161945,0.9999902248382568,0.09752058982849121,0.0,0.0,0.0,0.0,0.0135521674528718
1645138268,660725008,0.5620662569999695,0.0024710760917514563,0.0,0.0,0.0,0.004505201708525419,0.9999898672103882,0.09970876574516296,0.0,0.0,0.0,0.0,0.0051377397030591965
1645138268,693725008,0.5653818249702454,0.002500839764252305,0.0,0.0,0.0,0.004471495747566223,0.9999899864196777,0.10047575831413269,0.0,0.0,0.0,0.0,-0.002042813692241907
1645138268,726725008,0.5686214566230774,0.002529786666855216,0.0,0.0,0.0,0.004463478922843933,0.9999900460243225,0.09817478060722351,0.0,0.0,0.0,0.0,-0.00048586816410534084
1645138268,759725008,0.5719116926193237,0.0025595042388886213,0.0,0.0,0.0,0.004568218253552914,0.9999895691871643,0.09970876574516296,0.0,0.0,0.0,0.0,0.0063478946685791016
1645138268,792725008,0.5751513242721558,0.0025894774589687586,0.0,0.0,0.0,0.004683551844209433,0.9999890327453613,0.09817478060722351,0.0,0.0,0.0,0.0,0.006989999208599329
1645138268,825725008,0.5784415602684021,0.002620318904519081,0.0,0.0,0.0,0.0046897209249436855,0.9999890327453613,0.09970876574516296,0.0,0.0,0.0,0.0,0.0003738836676348001
1645138268,859725008,0.5818077325820923,0.002651526825502515,0.0,0.0,0.0,0.004581003449857235,0.9999895095825195,0.0990094467997551,0.0,0.0,0.0,0.0,-0.006395227741450071
1645138268,878630987,0.5850979685783386,0.0026823056396096945,0.0,0.0,0.0,0.004773270804435015,0.9999886155128479,0.09970876574516296,0.0,0.0,0.0,0.0,0.011652708053588867
1645138268,911630987,0.5883628726005554,0.002713729627430439,0.0,0.0,0.0,0.004851098638027906,0.9999882578849792,0.09894177317619324,0.0,0.0,0.0,0.0,0.004716895055025816
1645138268,944630987,0.5916784405708313,0.0027456232346594334,0.0,0.0,0.0,0.004767980892211199,0.9999886155128479,0.10047575831413269,0.0,0.0,0.0,0.0,-0.0050374954007565975
1645138268,977630987,0.5949434041976929,0.0027762779500335455,0.0,0.0,0.0,0.004620789084583521,0.9999893307685852,0.09894177317619324,0.0,0.0,0.0,0.0,-0.008920828811824322
1645138269,10630987,0.5982842445373535,0.0028073559515178204,0.0,0.0,0.0,0.00468125706538558,0.9999890327453613,0.10124274343252182,0.0,0.0,0.0,0.0,0.00366478250361979
1645138269,43630987,0.6015491485595703,0.002838485175743699,0.0,0.0,0.0,0.004852871876209974,0.9999881982803345,0.09894177317619324,0.0,0.0,0.0,0.0,0.010401010513305664
1645138269,76630987,0.604889988899231,0.00287103489972651,0.0,0.0,0.0,0.004889707081019878,0.9999880194664001,0.10124274343252182,0.0,0.0,0.0,0.0,0.002232464961707592
1645138269,111630987,0.608332097530365,0.0029046882409602404,0.0,0.0,0.0,0.004886950366199017,0.9999880790710449,0.09835009276866913,0.0,0.0,0.0,0.0,-0.00015752656327094883
1645138269,144630987,0.6116476058959961,0.0029380526393651962,0.0,0.0,0.0,0.0051757460460066795,0.9999865889549255,0.10047575831413269,0.0,0.0,0.0,0.0,0.01750299334526062
1645138269,177630987,0.6149378418922424,0.0029726093634963036,0.0,0.0,0.0,0.005326692946255207,0.9999858140945435,0.09970876574516296,0.0,0.0,0.0,0.0,0.009148409590125084
1645138269,210630987,0.6183039546012878,0.0030085400212556124,0.0,0.0,0.0,0.005347002763301134,0.9999856948852539,0.10200973600149155,0.0,0.0,0.0,0.0,0.001230926252901554
1645138269,243630987,0.6215435266494751,0.003043369622901082,0.0,0.0,0.0,0.005403820425271988,0.99998539686203,0.09817478060722351,0.0,0.0,0.0,0.0,0.003443522844463587
1645138269,276630987,0.624884307384491,0.0030801284592598677,0.0,0.0,0.0,0.0055986796505749226,0.9999843239784241,0.10124274343252182,0.0,0.0,0.0,0.0,0.011809847317636013
1645138269,311630987,0.628351628780365,0.0031196540221571922,0.0,0.0,0.0,0.005800169892609119,0.9999831914901733,0.09907326102256775,0.0,0.0,0.0,0.0,0.011513913981616497
1645138269,344630987,0.6316671371459961,0.003157711820676923,0.0,0.0,0.0,0.005678101442754269,0.9999839067459106,0.10047575831413269,0.0,0.0,0.0,0.0,-0.007398200687021017
1645138269,377630987,0.6349573135375977,0.0031950604170560837,0.0,0.0,0.0,0.005672901403158903,0.9999839067459106,0.09970876574516296,0.0,0.0,0.0,0.0,-0.00031518214382231236
1645138269,410630987,0.6383234262466431,0.0032337643206119537,0.0,0.0,0.0,0.0058246818371117115,0.999983012676239,0.10200973600149155,0.0,0.0,0.0,0.0,0.009198983199894428
1645138269,444630987,0.6416895389556885,0.0032729862723499537,0.0,0.0,0.0,0.005826797802001238,0.999983012676239,0.0990094467997551,0.0,0.0,0.0,0.0,0.00012446852633729577
1645138269,477630987,0.6450303196907043,0.0033111311495304108,0.0,0.0,0.0,0.0055905734188854694,0.9999843835830688,0.10124274343252182,0.0,0.0,0.0,0.0,-0.014316854998469353
1645138269,510630987,0.6482445597648621,0.0033468795008957386,0.0,0.0,0.0,0.00553068658336997,0.9999846816062927,0.09740779548883438,0.0,0.0,0.0,0.0,-0.0036295615136623383
1645138269,543630987,0.651636004447937,0.003384502837434411,0.0,0.0,0.0,0.00556247029453516,0.9999845027923584,0.10277672857046127,0.0,0.0,0.0,0.0,0.0019263137364760041
1645138269,577630987,0.655027449131012,0.0034217429347336292,0.0,0.0,0.0,0.005417663138359785,0.9999853372573853,0.09975387901067734,0.0,0.0,0.0,0.0,-0.008518205024302006
1645138269,610630987,0.6583935618400574,0.003456830745562911,0.0,0.0,0.0,0.005005696322768927,0.9999874830245972,0.10200973600149155,0.0,0.0,0.0,0.0,-0.024968024343252182
1645138269,643630987,0.6616584658622742,0.0034895825665444136,0.0,0.0,0.0,0.005025395657867193,0.9999873638153076,0.09894177317619324,0.0,0.0,0.0,0.0,0.0011938990792259574
1645138269,676630987,0.6649739742279053,0.003523018443956971,0.0,0.0,0.0,0.005058848299086094,0.9999871850013733,0.10047575831413269,0.0,0.0,0.0,0.0,0.0020274610724300146
1645138269,711630987,0.6685426235198975,0.0035582887940108776,0.0,0.0,0.0,0.004824232310056686,0.9999883770942688,0.10196591168642044,0.0,0.0,0.0,0.0,-0.013406787998974323
1645138269,744630987,0.671807587146759,0.0035889367572963238,0.0,0.0,0.0,0.004562436603009701,0.9999895691871643,0.09894177317619324,0.0,0.0,0.0,0.0,-0.01586657576262951
1645138269,777630987,0.6750978231430054,0.0036189856473356485,0.0,0.0,0.0,0.004570006392896175,0.9999895691871643,0.09970876574516296,0.0,0.0,0.0,0.0,0.0004587751463986933
1645138269,810630987,0.6784133911132812,0.003649248741567135,0.0,0.0,0.0,0.004557310603559017,0.9999896287918091,0.10047575831413269,0.0,0.0,0.0,0.0,-0.0007694417727179825
1645138269,843630987,0.6817542910575867,0.0036793246399611235,0.0,0.0,0.0,0.004444838035851717,0.9999901056289673,0.10124274343252182,0.0,0.0,0.0,0.0,-0.00681660370901227
1645138269,876630987,0.6850192546844482,0.0037083516363054514,0.0,0.0,0.0,0.0044453744776546955,0.9999901056289673,0.09894177317619324,0.0,0.0,0.0,0.0,3.25116234307643e-05
1645138269,909630987,0.6882336139678955,0.0037369769997894764,0.0,0.0,0.0,0.004459872841835022,0.9999900460243225,0.09740779548883438,0.0,0.0,0.0,0.0,0.000878716935403645
1645138269,942630987,0.6915238499641418,0.003766237525269389,0.0,0.0,0.0,0.004432917106896639,0.9999901652336121,0.09970876574516296,0.0,0.0,0.0,0.0,-0.0016337091801688075
1645138269,975630987,0.6949406862258911,0.0037961245980113745,0.0,0.0,0.0,0.004313917364925146,0.999990701675415,0.103543721139431,0.0,0.0,0.0,0.0,-0.007212162017822266
1645138270,10630987,0.6983575224876404,0.003824964165687561,0.0,0.0,0.0,0.004126313608139753,0.9999914765357971,0.0976269319653511,0.0,0.0,0.0,0.0,-0.010720320977270603
1645138270,43630987,0.7015971541404724,0.0038517408538609743,0.0,0.0,0.0,0.004138756077736616,0.9999914169311523,0.09817478060722351,0.0,0.0,0.0,0.0,0.0007540890946984291
1645138270,76630987,0.704862117767334,0.0038790402468293905,0.0,0.0,0.0,0.004222350660711527,0.9999910593032837,0.09894177317619324,0.0,0.0,0.0,0.0,0.005066394805908203
1645138270,109630987,0.7082030177116394,0.003907041624188423,0.0,0.0,0.0,0.004158901982009411,0.9999913573265076,0.10124274343252182,0.0,0.0,0.0,0.0,-0.0038454027380794287
1645138270,142630987,0.7114173769950867,0.003933549392968416,0.0,0.0,0.0,0.004087541252374649,0.9999916553497314,0.09740779548883438,0.0,0.0,0.0,0.0,-0.004324949346482754
1645138270,175630987,0.7147076725959778,0.003961029928177595,0.0,0.0,0.0,0.0042643118649721146,0.9999908804893494,0.09970876574516296,0.0,0.0,0.0,0.0,0.010713483206927776
1645138270,210630987,0.7181497812271118,0.003990984987467527,0.0,0.0,0.0,0.004437953699380159,0.9999901652336121,0.09835009276866913,0.0,0.0,0.0,0.0,0.009922469966113567
1645138270,243630987,0.721515953540802,0.004020892549306154,0.0,0.0,0.0,0.0044464473612606525,0.9999901056289673,0.10200973600149155,0.0,0.0,0.0,0.0,0.0005147673655301332
1645138270,276630987,0.7246796488761902,0.004049217794090509,0.0,0.0,0.0,0.004506527911871672,0.9999898672103882,0.09587381035089493,0.0,0.0,0.0,0.0,0.0036413019988685846
1645138270,309630987,0.7280458211898804,0.004080094862729311,0.0,0.0,0.0,0.004665924236178398,0.9999890923500061,0.10200973600149155,0.0,0.0,0.0,0.0,0.009660467505455017
1645138270,342630987,0.7312348484992981,0.004110196139663458,0.0,0.0,0.0,0.004772838670760393,0.9999886155128479,0.09664080291986465,0.0,0.0,0.0,0.0,0.0064797475934028625
1645138270,375630987,0.7346263527870178,0.004142153542488813,0.0,0.0,0.0,0.004649696871638298,0.9999892115592957,0.10277672857046127,0.0,0.0,0.0,0.0,-0.007463224232196808
1645138270,408630987,0.7378406524658203,0.004172265529632568,0.0,0.0,0.0,0.0047180624678730965,0.999988853931427,0.09740779548883438,0.0,0.0,0.0,0.0,0.004143425729125738
1645138270,441630987,0.7411562204360962,0.004203973803669214,0.0,0.0,0.0,0.004845167975872755,0.9999882578849792,0.10047575831413269,0.0,0.0,0.0,0.0,0.00770344864577055
1645138270,474630987,0.744421124458313,0.004235634580254555,0.0,0.0,0.0,0.004851754289120436,0.9999882578849792,0.09894177317619324,0.0,0.0,0.0,0.0,0.0003991705016233027
1645138270,507630987,0.7477619647979736,0.004267944488674402,0.0,0.0,0.0,0.004819002002477646,0.9999883770942688,0.10124274343252182,0.0,0.0,0.0,0.0,-0.001985015347599983
1645138270,540630987,0.7509762644767761,0.00429883785545826,0.0,0.0,0.0,0.004791897255927324,0.9999884963035583,0.09740779548883438,0.0,0.0,0.0,0.0,-0.001642740098759532
1645138270,574630987,0.754291832447052,0.004330557305365801,0.0,0.0,0.0,0.004774611908942461,0.9999886155128479,0.09752058982849121,0.0,0.0,0.0,0.0,-0.0010167851578444242
1645138270,607630987,0.7576074004173279,0.004362273495644331,0.0,0.0,0.0,0.004790943581610918,0.9999884963035583,0.10047575831413269,0.0,0.0,0.0,0.0,0.0009897983400151134
1645138270,640630987,0.7608723044395447,0.004393048118799925,0.0,0.0,0.0,0.004634616896510124,0.9999892711639404,0.09894177317619324,0.0,0.0,0.0,0.0,-0.009474429301917553
1645138270,673630987,0.7640613317489624,0.004422771278768778,0.0,0.0,0.0,0.004685652907937765,0.9999890327453613,0.09664080291986465,0.0,0.0,0.0,0.0,0.0030931197106838226
1645138270,706630987,0.7673768997192383,0.004453836474567652,0.0,0.0,0.0,0.004683522041887045,0.9999890327453613,0.10047575831413269,0.0,0.0,0.0,0.0,-0.00012914340186398476
1645138270,739630987,0.7706671357154846,0.00448452215641737,0.0,0.0,0.0,0.004642440006136894,0.9999892115592957,0.09970876574516296,0.0,0.0,0.0,0.0,-0.002489848528057337
1645138270,772630987,0.773957371711731,0.004514805506914854,0.0,0.0,0.0,0.004561259411275387,0.9999895691871643,0.09970876574516296,0.0,0.0,0.0,0.0,-0.004920092411339283
1645138270,805630987,0.7771716713905334,0.004544233437627554,0.0,0.0,0.0,0.004593743477016687,0.9999894499778748,0.09740779548883438,0.0,0.0,0.0,0.0,0.0019687595777213573
1645138270,838630987,0.780436635017395,0.004574671853333712,0.0,0.0,0.0,0.004728761501610279,0.9999887943267822,0.09894177317619324,0.0,0.0,0.0,0.0,0.008182995021343231
